{
  "baseline_rmse": 127786.01825810791,
  "baseline_mae": 68817.5638317698,
  "baseline_r2": 0.8785517117334226,
  "improved_rmse": 121877.39771852554,
  "improved_mae": 66562.8060201512,
  "improved_r2": 0.8896428164141916
}