Model,Fold,MAE ($),RMSE ($),MAPE (%),R²
XGBoost,1,61299.96676750811,110320.48594242556,11.210709270794313,0.9194941506738521
XGBoost,2,60856.21443984212,125729.17181577049,11.269787462087203,0.8930071927801428
XGBoost,3,60055.55751033715,112599.53749144822,11.429204080647208,0.9002878652901144
XGBoost,4,59068.52501373787,103775.6757816838,11.241723598422917,0.9179292002987406
XGBoost,5,58107.1186968562,100745.96722993487,11.054002876007772,0.9128516991703467
